x,y_true,y_noisy
-2.0,0.0,8.82026172983832
-1.995995995995996,0.3024004029798153,2.303186444815932
-1.991991991991992,0.601008626185223,5.494698546713919
-1.987987987987988,0.8958480438948904,12.10031403990218
-1.983983983983984,1.1869419504422876,10.524731901192125
-1.97997997997998,1.4743135603389703,-3.4120758390430845
-1.975975975975976,1.757986008398321,6.508428096026268
-1.971971971971972,2.037982349858833,1.2811963083703435
-1.967967967967968,2.3143255605076654,1.798231301539876
-1.9639639639639639,2.587038536804277,4.640031046496139
-1.95995995995996,2.8561440960036535,3.5763619518080434
-1.955955955955956,3.121664976280103,10.39303251109498
-1.951951951951952,3.3836238368505143,7.1888124625854815
-1.947947947947948,3.6420432580979956,4.250418340562137
-1.9439439439439439,3.8969457416952746,6.1162619054224034
-1.93993993993994,4.148353710728294,5.816725347599628
-1.935935935935936,4.396289509819617,11.866684875607648
-1.931931931931932,4.64077540525199,3.6149840864229854
-1.927927927927928,4.881833585091801,6.447172093346308
-1.9239239239239239,5.119486159312572,0.8490074628039483
-1.91991991991992,5.353755159918457,-7.411193919251936
-1.915915915915916,5.5846625410678215,8.852755518269625
-1.911911911911912,5.812230179196586,10.134411173494115
-1.907907907907908,6.036479873141854,2.3256547711096442
-1.9039039039039038,6.25743334426533,17.606206464203368
-1.8998998998999,6.475112236576869,-0.7967161364169542
-1.8958958958958958,6.689538116857925,6.9183307033651555
-1.8918918918918919,6.900732474785084,5.964813224655916
-1.887887887887888,7.108716723053529,14.772612794845816
-1.8838838838838838,7.313512197500579,14.660306047002004
-1.87987987987988,7.515140157229126,8.289877285713708
-1.8758758758758758,7.713621784731217,9.604434382742085
-1.8718718718718719,7.908978186011435,3.4700494478608714
-1.867867867867868,8.101230390710509,-1.8027519504091263
-1.8638638638638638,8.290399352228746,6.550838605597983
-1.85985985985986,8.476505947849489,9.25825079336939
-1.8558558558558558,8.659570978862767,14.81102438250137
-1.8518518518518519,8.83961517068862,14.851514414610676
-1.8478478478478477,9.016659173000658,7.080025085960896
-1.8438438438438438,9.190723559849587,7.67920980697291
-1.83983983983984,9.361828829786681,4.119064004451218
-1.8358358358358358,9.529995405987293,2.4299057200924175
-1.8318318318318318,9.695243636374318,1.163892683249255
-1.8278278278278277,9.857593793741689,19.611470769900638
-1.8238238238238238,10.017066075877942,7.468805167119674
-1.8198198198198199,10.173680605689619,7.983309097633686
-1.8158158158158157,10.327457431324852,4.063480631075221
-1.8118118118118118,10.478416526296758,14.365868305456308
-1.8078078078078077,10.626577789607044,2.5570885518172872
-1.8038038038038038,10.771961045869453,9.70825964479961
-1.7997997997997999,10.914586045433204,6.437253239464826
-1.7957957957957957,11.054472464506617,12.988984953802927
-1.7917917917917918,11.191639905280471,8.637614217436106
-1.7877877877877877,11.326107896051617,5.422946975439556
-1.7837837837837838,11.457895891346382,11.316984749653107
-1.7797797797797799,11.587023272044128,13.728682624696216
-1.7757757757757757,11.713509345500729,12.046095457416568
-1.7717717717717718,11.837373345672056,13.349732834370963
-1.7677677677677677,11.958634433237478,8.78702396483266
-1.7637637637637638,12.077311695723367,10.263605865787676
-1.7597597597597598,12.193424147626587,8.831121908746832
-1.7557557557557557,12.306990730537994,10.509224922835287
-1.7517517517517518,12.418030313265934,8.352298903043664
-1.7477477477477477,12.526561691959731,3.8951486803013466
-1.7437437437437437,12.632603590233181,13.519734301501945
-1.7397397397397398,12.736174659288078,10.727269978246769
-1.7357357357357357,12.837293478037672,4.68630174320745
-1.7317317317317318,12.935978553230168,15.24988983085904
-1.7277277277277276,13.032248319572258,8.495756497656046
-1.7237237237237237,13.126121139852579,13.385848118833273
-1.7197197197197198,13.217615305065234,16.863068115952917
-1.7157157157157157,13.306749034533276,13.95166358832033
-1.7117117117117118,13.393540476032204,19.090543898748706
-1.7077077077077076,13.478007705913456,7.303878604145193
-1.7037037037037037,13.560168729227946,15.571876935115691
-1.6996996996996998,13.64004147984948,10.215991025147913
-1.6956956956956957,13.717643820598312,9.363658074688903
-1.6916916916916918,13.792993543364638,10.89874521954256
-1.6876876876876876,13.866108369232098,12.308345708595235
-1.6836836836836837,13.937005948601197,14.217832659749924
-1.6796796796796798,14.005703861312888,8.179954657396106
-1.6756756756756757,14.072219616772085,18.57635205154302
-1.6716716716716717,14.136570654071043,16.464882852723342
-1.6676676676676676,14.198774342112962,6.517555910726843
-1.6636636636636637,14.258847979735442,21.700108948713442
-1.6596596596596598,14.316808795833964,23.79625467598688
-1.6556556556556556,14.372673949485439,20.266571805283693
-1.6516516516516517,14.426460530071655,13.5268363510099
-1.6476476476476476,14.478185557402778,9.124422449850066
-1.6436436436436437,14.527865981840861,19.800124616496547
-1.6396396396396398,14.575518684423358,12.55963394955746
-1.6356356356356356,14.62116047698657,20.733385828898708
-1.6316316316316315,14.664808102289228,15.70618299267353
-1.6276276276276276,14.706478234135854,19.58967341655442
-1.6236236236236237,14.746187477500406,16.528019463372416
-1.6196196196196198,14.783952368649658,18.316818209609398
-1.6156156156156156,14.819789375266769,14.87228947887087
-1.6116116116116115,14.85371489657475,23.78306736610393
-1.6076076076076076,14.885745263459953,15.520305726978052
-1.6036036036036037,14.915896738595592,16.9258435558191
-1.5995995995995997,14.944185516565213,24.359939001846485
-1.5955955955955956,14.97062772398619,8.231832418273958
-1.5915915915915915,14.995239419633272,8.642814427204604
-1.5875875875875876,15.018036594562002,19.865020135352058
-1.5835835835835836,15.039035172232296,9.173418146661497
-1.5795795795795795,15.058251008631828,24.77635693687829
-1.5755755755755756,15.075699892399658,13.00760498860092
-1.5715715715715715,15.09139754494963,11.354123487745841
-1.5675675675675675,15.105359620593909,24.720069752995833
-1.5635635635635636,15.11760170666647,22.520175663838593
-1.5595595595595595,15.128139323646607,24.465934125779455
-1.5555555555555556,15.13698792528239,19.667211216659318
-1.5515515515515514,15.144162898714221,10.838034473440707
-1.5475475475475475,15.149679564598262,24.70000433009343
-1.5435435435435436,15.153553177230002,13.8135363224731
-1.5395395395395395,15.155798924667685,19.16808090364966
-1.5355355355355356,15.156431928855845,19.892691767724585
-1.5315315315315314,15.155467245748824,14.380416780294652
-1.5275275275275275,15.152919865434232,18.223316717164632
-1.5235235235235236,15.1488047122564,19.75983807008903
-1.5195195195195195,15.143136644939997,17.025264300718145
-1.5155155155155156,15.135930456713417,9.638926503792444
-1.5115115115115114,15.127200875432344,16.618391746462624
-1.5075075075075075,15.116962563703186,21.748892047138337
-1.5035035035035036,15.105230119006634,11.632390820349807
-1.4994994994994995,15.092018073821105,14.343845372182752
-1.4954954954954955,15.077340895746275,12.901573137138087
-1.4914914914914914,15.061212987626568,24.307531630023277
-1.4874874874874875,15.043648687674636,18.405122472736814
-1.4834834834834836,15.024662269594877,17.061971450800428
-1.4794794794794794,15.004267942706903,11.154687570480322
-1.4754754754754755,14.98247985206907,17.678725808528156
-1.4714714714714714,14.959312078601954,11.587648775315074
-1.4674674674674675,14.93477863921185,15.093931430583606
-1.4634634634634636,14.908893486914266,11.72966309501986
-1.4594594594594594,14.881670510957427,18.263836985689927
-1.4554554554554555,14.853123536945763,17.736077620020467
-1.4514514514514514,14.823266326963427,13.781772549073454
-1.4474474474474475,14.79211257969773,16.772146143005955
-1.4434434434434436,14.759675930562722,9.294368386910193
-1.4394394394394394,14.725969951822641,7.2696819882946135
-1.4354354354354353,14.69100815271539,16.887966659038074
-1.4314314314314314,14.654803979576094,15.488171456438739
-1.4274274274274275,14.617370815960538,17.79252800042107
-1.4234234234234235,14.578721982768677,26.494445857088387
-1.4194194194194194,14.538870738368164,19.261268173320232
-1.4154154154154153,14.497830278717807,9.933719151497014
-1.4114114114114114,14.455613737491106,20.04069517797037
-1.4074074074074074,14.412234186199687,7.832697133642081
-1.4034034034034035,14.367704634316866,12.05978161024332
-1.3993993993993994,14.3220380294011,13.980830002777942
-1.3953953953953953,14.275247257219497,22.84196086546633
-1.3913913913913913,14.22734514187134,10.50357103162914
-1.3873873873873874,14.178344445911524,10.046151752616453
-1.3833833833833835,14.128257870474094,13.635995248346934
-1.3793793793793794,14.077098055395751,10.759706623585215
-1.3753753753753752,14.02487757933931,19.658057189871847
-1.3713713713713713,13.971608959917226,8.57195141810011
-1.3673673673673674,13.91730465381507,8.179961391759557
-1.3633633633633635,13.861977056915038,11.672876833192866
-1.3593593593593594,13.805638504419463,11.31547625095794
-1.3553553553553552,13.748301270974267,23.395961540059197
-1.3513513513513513,13.6899775707925,18.437081605421305
-1.3473473473473474,13.630679557777825,14.068435764703779
-1.3433433433433435,13.570419325647983,7.443241731497142
-1.3393393393393394,13.509208908058334,17.731023790066068
-1.3353353353353352,13.447060278725324,8.445983541777501
-1.3313313313313313,13.38398535155001,5.660129867661952
-1.3273273273273274,13.319995980741528,19.260144942503036
-1.3233233233233235,13.255103960940595,14.839817020564842
-1.3193193193193193,13.189321027342999,17.79361514624709
-1.3153153153153152,13.12265885582313,14.716297120538234
-1.3113113113113113,13.055129063057436,17.339282122570893
-1.3073073073073074,12.98674320664794,9.731615240147207
-1.3033033033033035,12.917512785245734,7.74629857632341
-1.2992992992992993,12.847449238674457,16.255421830082593
-1.2952952952952952,12.77656394805382,8.759515627184614
-1.2912912912912913,12.7048682359231,9.257119347172099
-1.2872872872872874,12.6323733663646,10.354710848777884
-1.2832832832832834,12.55909054512719,12.646486340252475
-1.2792792792792793,12.485030919749772,10.715061363482352
-1.2752752752752752,12.410205579684785,5.535449112594691
-1.2712712712712713,12.334625556421734,9.116533542257281
-1.2672672672672673,12.258301823610612,1.1412860624884793
-1.2632632632632632,12.181245297185473,15.30740255232141
-1.2592592592592593,12.10346683548789,4.093178557454152
-1.2552552552552552,12.024977239390438,6.5030605422481855
-1.2512512512512513,11.945787252420246,12.206612648725118
-1.2472472472472473,11.865907560882416,8.16809257892585
-1.2432432432432432,11.78534879398359,19.50042177101727
-1.2392392392392393,11.704121523955404,5.239836975338161
-1.2352352352352352,11.622236266177993,12.957490612923907
-1.2312312312312312,11.539703479303505,11.343289388166026
-1.2272272272272273,11.456533565379566,5.616066076673579
-1.2232232232232232,11.372736869972798,13.989120172631566
-1.2192192192192193,11.288323682292326,10.430592026181085
-1.2152152152152151,11.203304235313233,15.06225699138157
-1.2112112112112112,11.1176887059001,15.235209475718758
-1.2072072072072073,11.03148721493049,21.84766696133394
-1.2032032032032032,10.944709827418404,17.627349574600363
-1.1991991991991993,10.857366552637856,9.011457362925638
-1.1951951951951951,10.76946734424629,9.572571456366658
-1.1911911911911912,10.681022100408136,16.179320079843702
-1.1871871871871873,10.592040663918265,13.868359317531255
-1.1831831831831832,10.502532822325506,13.703190452813466
-1.179179179179179,10.412508308056147,2.327728086501974
-1.1751751751751751,10.321976798537413,10.200346176542736
-1.1711711711711712,10.230947916320964,6.540793370292521
-1.1671671671671673,10.139431229206426,11.539054224422618
-1.1631631631631631,10.047436250364814,9.556684302150025
-1.159159159159159,9.954972438462121,14.50586697892508
-1.155155155155155,9.86204919778275,11.44814027373926
-1.1511511511511512,9.768675878353022,13.700315688897902
-1.1471471471471473,9.674861776064674,7.342766292384958
-1.1431431431431431,9.580616132798369,4.8583848532071165
-1.139139139139139,9.485948136547186,7.435699670534444
-1.135135135135135,9.390866921540116,9.305764852232913
-1.1311311311311312,9.295381568365528,11.191140246140936
-1.1271271271271273,9.199501104094718,20.496045857548978
-1.1231231231231231,9.10323450240536,8.891948744102146
-1.119119119119119,9.00659068370505,4.226865681241164
-1.115115115115115,8.90957851525475,7.1796696367578186
-1.1111111111111112,8.81220681129232,6.49422693806185
-1.1071071071071072,8.714484333155987,11.121891702023298
-1.103103103103103,8.616419789407868,0.9124347171847438
-1.099099099099099,8.518021835957462,8.83433180695912
-1.095095095095095,8.41929907618513,9.201831766012008
-1.0910910910910911,8.320260061065596,9.481165242066975
-1.0870870870870872,8.22091328929146,5.234332944464646
-1.083083083083083,8.121267207396663,6.931658558716628
-1.079079079079079,8.02133020988002,0.9010256649673618
-1.075075075075075,7.921110639328699,5.454511222517729
-1.0710710710710711,7.820616786541706,5.1063094064581165
-1.0670670670670672,7.719856890653396,9.800107121960524
-1.063063063063063,7.618839139256959,1.8379269801473956
-1.059059059059059,7.517571668527928,11.423562177077894
-1.055055055055055,7.416062563347683,14.888485285804528
-1.0510510510510511,7.314319857426909,-3.0356052676407543
-1.0470470470470472,7.2123515334291355,9.343645187319641
-1.043043043043043,7.110165523094192,10.49470569824542
-1.039039039039039,7.007769707361753,3.8205845796006077
-1.035035035035035,6.905171916494815,4.918812844850827
-1.031031031031031,6.802379930203141,6.137977042268363
-1.0270270270270272,6.699401477766841,5.2104470807581995
-1.023023023023023,6.596244238159809,5.0511793929241975
-1.019019019019019,6.492915840173239,-1.887103191476644
-1.015015015015015,6.389423862539154,12.151081686454754
-1.011011011011011,6.285775834053819,11.683868794237924
-1.007007007007007,6.181979233701316,2.1151579376803022
-1.003003003003003,6.078041490777007,-1.2540801482355626
-0.9989989989989989,5.973969985011038,8.57929436727483
-0.994994994994995,5.8697720466918355,2.9908321976265047
-0.9909909909909911,5.765454956789583,6.475220773393481
-0.986986986986987,5.661025947079743,4.064383861354267
-0.982982982982983,5.5564922002665575,9.01418595561749
-0.9789789789789789,5.451860850106506,8.925606568386536
-0.974974974974975,5.347138981531849,1.7191520892139271
-0.9709709709709711,5.2423336307740875,-1.6744861462011897
-0.9669669669669669,5.137451785487471,-2.7772402011879382
-0.962962962962963,5.03250038487252,8.084397280408545
-0.9589589589589589,4.9274863197994705,-1.0168099691206738
-0.954954954954955,4.82241643293181,2.2883346614383724
-0.9509509509509511,4.717297518849769,1.7357273265972282
-0.9469469469469469,4.61213632417379,4.349299842826058
-0.942942942942943,4.50693954768807,-5.174459481544465
-0.9389389389389389,4.401713840464009,5.345606824433151
-0.934934934934935,4.296465805983743,6.915920925154771
-0.930930930930931,4.191202000263619,4.633312435486926
-0.9269269269269269,4.085928931977687,2.5314980734853285
-0.922922922922923,3.980653062581233,4.46765389392515
-0.9189189189189189,3.8753808064342206,5.870612534634871
-0.914914914914915,3.7701185309248366,-10.092845251208415
-0.910910910910911,3.664872556592959,13.44443409784643
-0.9069069069069069,3.5596491572536486,5.510115770693281
-0.902902902902903,3.4544545601206806,0.19241164818558065
-0.8988988988988988,3.349294945929996,1.3945280699919906
-0.8948948948948949,3.244176449063236,5.712885335809178
-0.8908908908908908,3.1391051576712066,2.558585462499374
-0.8868868868868869,3.0340871137974084,-7.1193352251100634
-0.882882882882883,2.9291283135014936,13.25159262029809
-0.8788788788788788,2.824234706982791,2.271531420820428
-0.8748748748748749,2.719412198703804,7.820275757282802
-0.8708708708708708,2.614666647513676,-0.8455825914082795
-0.8668668668668669,2.5100038667717364,10.191889138000725
-0.862862862862863,2.405429624470944,3.837148068932342
-0.8588588588588588,2.300949643361406,5.34516881573866
-0.8548548548548549,2.1965696010739,-3.029697229660874
-0.8508508508508508,2.092295130243315,8.14802157865682
-0.8468468468468469,1.988131818632212,5.437222641306153
-0.8428428428428429,1.8840852092542555,8.393316357079247
-0.8388388388388388,1.780160800497752,-1.3602769977101428
-0.8348348348348349,1.6763640462491498,-0.728771546054789
-0.8308308308308308,1.5727003560164938,13.092283844436203
-0.8268268268268268,1.4691750950529787,-3.830904018554758
-0.8228228228228229,1.3657935844803895,0.6860450810887854
-0.8188188188188188,1.2625611014126275,6.9470179144261035
-0.8148148148148149,1.1594828790792242,1.6481077176535022
-0.8108108108108107,1.0565641069487839,3.9713325057152518
-0.8068068068068068,0.9538099308525432,-1.0434352154618327
-0.8028028028028029,0.8512254531078085,2.7015048923454024
-0.7987987987987988,0.7488157326414946,-5.7838185260350885
-0.7947947947947949,0.6465857851136079,8.937239183204548
-0.7907907907907907,0.5445405830407282,-0.046279642602120585
-0.7867867867867868,0.442685055919533,-2.9582059640647187
-0.7827827827827827,0.3410240903502615,3.672939500509833
-0.7787787787787788,0.23956253016024753,-2.064036406782519
-0.7747747747747749,0.1383051765273784,-6.532987180486389
-0.7707707707707707,0.03725678810360833,-6.696330740884168
-0.7667667667667668,-0.06357791886152242,3.4052878445891404
-0.7627627627627627,-0.1641942703974486,-0.9620614611287831
-0.7587587587587588,-0.26458763468901125,-0.9330954330312071
-0.7547547547547548,-0.36475342195303107,5.023965607928282
-0.7507507507507507,-0.46468708431476813,-6.098816128098486
-0.7467467467467468,-0.5643841156844296,-4.217772880008553
-0.7427427427427427,-0.6638400516336951,-2.5882390975400726
-0.7387387387387387,-0.7630504692721995,-0.29129252268682954
-0.7347347347347348,-0.8620109871240444,-1.0728682435769392
-0.7307307307307307,-0.960717265004309,-2.3951532269538474
-0.7267267267267268,-1.0591650038955365,-1.3672970143737735
-0.7227227227227226,-1.157349945824258,-1.6938763272801314
-0.7187187187187187,-1.2552678737374734,-4.853289816496438
-0.7147147147147148,-1.3529146113791786,-5.4178795541495655
-0.7107107107107107,-1.4502860231668606,-0.07770423454716302
-0.7067067067067068,-1.5473780140679878,-6.001953429045628
-0.7027027027027026,-1.644186529476535,-7.430962825430803
-0.6986986986986987,-1.74070755508947,-3.3021688107179363
-0.6946946946946948,-1.83693711678327,-2.6252721976023494
-0.6906906906906907,-1.932871280490426,9.35074620600062
-0.6866866866866868,-2.0285061520759236,-5.552007531357092
-0.6826826826826826,-2.1238378772137807,2.5924657476336934
-0.6786786786786787,-2.21886264126352,1.517079029759639
-0.6746746746746748,-2.3135766691466966,-8.258301445165376
-0.6706706706706707,-2.407976225223397,1.4582886617896014
-0.6666666666666667,-2.5020576131687235,-8.421460814135312
-0.6626626626626626,-2.5958171758493247,-15.891678365833029
-0.6586586586586587,-2.6892512951998757,0.3423463265970281
-0.6546546546546548,-2.7823563920996044,-11.5618093092882
-0.6506506506506506,-2.8751289262487862,-0.6204566172192121
-0.6466466466466467,-2.9675653960452273,-6.38761988473131
-0.6426426426426426,-3.0596623384608073,5.238091642488554
-0.6386386386386387,-3.15141632891795,2.1911306676620956
-0.6346346346346345,-3.242823981166147,-5.5097530004230855
-0.6306306306306306,-3.333881947158442,-6.7730700023018535
-0.6266266266266267,-3.424586916927961,-9.494973932398564
-0.6226226226226226,-3.5149356184644027,-5.71954877992736
-0.6186186186186187,-3.604924817590522,-5.006702293513067
-0.6146146146146145,-3.694551317838677,-5.518019039797104
-0.6106106106106106,-3.7838119603272844,-3.0002926839654647
-0.6066066066066067,-3.8727036236373706,-0.9800961349929787
-0.6026026026026026,-3.9612232236890392,-2.212950938723169
-0.5985985985985987,-4.049367713617987,-7.870087333150202
-0.5945945945945945,-4.137134083652021,-11.326091452659913
-0.5905905905905906,-4.2245193609875304,2.598139879524826
-0.5865865865865867,-4.311520609666029,-7.7587665324157165
-0.5825825825825826,-4.398134930450633,-7.659602930125729
-0.5785785785785786,-4.484359460702562,-7.090306022208116
-0.5745745745745745,-4.5701913742576705,-13.785539125040913
-0.5705705705705706,-4.655627881302915,-7.045497901505348
-0.5665665665665667,-4.740666228252887,-7.138945298292625
-0.5625625625625625,-4.825303697626311,-1.7235122059087487
-0.5585585585585586,-4.909537607922525,-1.4172518623858448
-0.5545545545545545,-4.993365313498024,-4.974510868066677
-0.5505505505505506,-5.076784204442921,-0.4175423338714026
-0.5465465465465467,-5.159791706457488,-3.4599667874511786
-0.5425425425425425,-5.242385280728643,-5.320795838741416
-0.5385385385385386,-5.324562423806439,-4.519921582315324
-0.5345345345345345,-5.406320667480606,-6.359588135387603
-0.5305305305305306,-5.487657578657008,-7.461905148824259
-0.5265265265265264,-5.568570759234195,-6.907238443704027
-0.5225225225225225,-5.649057845979858,-11.289114503329891
-0.5185185185185186,-5.729116510407377,-4.3269079838258975
-0.5145145145145145,-5.808744458652298,-10.7743625133002
-0.5105105105105106,-5.887939431348839,-1.6797831109806562
-0.5065065065065064,-5.9666992035064075,-7.213992104311152
-0.5025025025025025,-6.045021584386083,-5.797546676135629
-0.4984984984984986,-6.122904417377146,-3.6537205359723646
-0.49449449449449445,-6.2003455798735665,-2.983773254558927
-0.49049049049049054,-6.277342983150497,-14.13046002631776
-0.4864864864864864,-6.35389457224081,-7.388412953060668
-0.4824824824824825,-6.4299983258115585,-2.0291037654076476
-0.4784784784784786,-6.505652256040522,-14.996181353201793
-0.47447447447447444,-6.580854408492682,-4.644452031517365
-0.4704704704704705,-6.655602861996727,-17.933424009007673
-0.4664664664664664,-6.729895728521583,-11.8424299466996
-0.4624624624624625,-6.8037311530528735,-6.610578393851933
-0.45845845845845856,-6.877107313469465,-15.160682825079235
-0.4544544544544544,-6.950022420419954,-11.877576108840707
-0.4504504504504505,-7.022474717199152,-14.381649754517086
-0.4464464464464464,-7.094462479624632,1.1462121814131656
-0.44244244244244246,-7.165984015913184,-6.3448452384765135
-0.43843843843843855,-7.237037666557358,-4.4005862772940105
-0.4344344344344344,-7.307621804201951,-8.420997306777725
-0.4304304304304305,-7.377734833520501,-9.144893577306496
-0.42642642642642636,-7.447375191091815,-15.529746134346977
-0.42242242242242245,-7.516541345276448,-8.975728159015762
-0.41841841841841854,-7.585231796093223,-11.392692855151338
-0.4144144144144144,-7.6534450750957355,-3.363825453634054
-0.4104104104104105,-7.721179745248838,-2.015670411960971
-0.40640640640640635,-7.788434400805173,-0.45554082293428433
-0.40240240240240244,-7.855207667181644,-3.592447969875484
-0.3983983983983985,-7.921498200835952,-10.914767885450882
-0.3943943943943944,-7.987304689143079,-13.566789618945052
-0.3903903903903905,-8.052625850271786,-4.2193099420463565
-0.38638638638638634,-8.117460433061144,-6.3359963456997
-0.3823823823823824,-8.181807216897006,-17.02449947028216
-0.3783783783783783,-8.245665011588539,-6.468256047869693
-0.3743743743743744,-8.309032657244696,-4.236433544805365
-0.37037037037037046,-8.371909024150758,-8.077281078242608
-0.3663663663663663,-8.43429301264481,-9.359561367691517
-0.3623623623623624,-8.496183552994244,-12.534425991076024
-0.3583583583583583,-8.557579605272286,-15.790253103089226
-0.35435435435435436,-8.618480159234473,-4.616990412534335
-0.35035035035035045,-8.678884234195177,-10.224456458053721
-0.3463463463463463,-8.7387908789041,-9.906124186622563
-0.3423423423423424,-8.798199171422768,-0.13459323682710256
-0.33833833833833826,-8.857108219001063,-5.43460268470511
-0.33433433433433435,-8.915517157953687,-7.061392151548176
-0.33033033033033044,-8.973425153536708,-8.26311612760053
-0.3263263263263263,-9.030831399824034,-1.4308570959951705
-0.3223223223223224,-9.087735119583925,-0.4897885825029533
-0.31831831831831825,-9.144135564155501,-4.4966100067578605
-0.31431431431431434,-9.200032013325238,-6.2889090563356165
-0.3103103103103104,-9.255423775203482,-19.728439131234204
-0.3063063063063063,-9.310310186100947,-8.691700614933415
-0.3023023023023024,-9.364690610405212,-10.015225381373732
-0.29829829829829824,-9.418564440457244,-8.9487982935294
-0.2942942942942943,-9.471931096427872,-4.756700659815283
-0.2902902902902904,-9.52479002619432,-23.223175862142103
-0.2862862862862863,-9.577140705216706,-12.423700972567632
-0.28228228228228236,-9.628982636414518,-8.279460861710712
-0.2782782782782782,-9.680315350043157,-12.01454308030697
-0.2742742742742743,-9.73113840357041,-16.81566896920171
-0.2702702702702702,-9.781451381552975,-5.436633947068998
-0.26626626626626626,-9.831253895512946,-8.446894366282306
-0.26226226226226235,-9.880545583814335,-14.736068436036758
-0.2582582582582582,-9.929326111539567,-8.355240088960448
-0.2542542542542543,-9.977595170365976,-5.869666610116997
-0.25025025025025016,-10.025352478442324,-9.99888924694552
-0.24624624624624625,-10.072597780265292,-6.069773763110309
-0.24224224224224233,-10.119330846555995,-9.728029970747688
-0.2382382382382382,-10.165551474136478,-12.141696387408249
-0.23423423423423428,-10.211259485806217,-16.00836206780578
-0.23023023023023015,-10.256454730218636,-10.6861085650767
-0.22622622622622623,-10.30113708175759,-9.329672391528732
-0.22222222222222232,-10.345306440413893,-5.966142632477238
-0.21821821821821819,-10.388962731661806,-10.96450007409794
-0.21421421421421427,-10.432105906335538,-8.145027875230584
-0.21021021021021014,-10.474735940505768,-15.29779600917441
-0.20620620620620622,-10.516852835356126,-14.429998614493751
-0.2022022022022023,-10.558456617059711,-11.11040311219415
-0.19819819819819817,-10.599547336655597,-15.872689656580667
-0.19419419419419426,-10.640125069925324,-6.5388858833019174
-0.19019019019019012,-10.680189917269413,-8.364538270676377
-0.1861861861861862,-10.719742003583859,-9.32426318162159
-0.1821821821821823,-10.758781478136653,-9.06426085205693
-0.17817817817817816,-10.797308514444266,-0.6920907070202791
-0.17417417417417425,-10.835323310148162,-13.17964424998214
-0.1701701701701701,-10.872826086891305,-21.880032514394095
-0.1661661661661662,-10.909817090194647,-9.91331610571232
-0.16216216216216228,-10.94629658933366,-11.199314294141988
-0.15815815815815815,-10.98226487721481,-13.569860089766827
-0.15415415415415423,-11.017722270252078,-15.911871567045928
-0.1501501501501501,-11.052669108243462,-13.248616717254201
-0.14614614614614618,-11.087105754247471,-10.180413608158364
-0.14214214214214227,-11.121032594459644,-13.635116097672334
-0.13813813813813813,-11.154450038089044,0.9078183596296991
-0.13413413413413422,-11.187358517234756,-15.989880425400496
-0.13013013013013008,-11.21975848676241,-15.185345300300769
-0.12612612612612617,-11.251650424180662,-22.694750624253302
-0.12212212212212203,-11.28303482951772,-10.025612754410034
-0.11811811811811812,-11.313912225197821,-21.39594536419662
-0.1141141141141142,-11.344283155917767,-14.041556322790274
-0.11011011011011007,-11.374148188523403,-12.752500861326189
-0.10610610610610616,-11.403507911886129,-14.95214774112057
-0.10210210210210202,-11.432362936779409,-2.7379995495068545
-0.09809809809809811,-11.460713895755266,-6.488741939177771
-0.0940940940940942,-11.488561443020792,-4.892877061512914
-0.09009009009009006,-11.515906254314652,-15.928000347064245
-0.08608608608608614,-11.542749026783582,-5.89977870421074
-0.08208208208208201,-11.569090478858897,-9.089085747139086
-0.0780780780780781,-11.594931350132994,-7.737901606748766
-0.07407407407407418,-11.620272401235857,-6.473078257322021
-0.07007007007007005,-11.645114413711559,-16.188930643506822
-0.06606606606606613,-11.669458189894765,-13.791046294784273
-0.062062062062061996,-11.69330455278724,-7.380324496144984
-0.05805805805805808,-11.716654345934344,-24.994749810809008
-0.05405405405405417,-11.739508433301548,-4.172868020435523
-0.05005005005005003,-11.761867699150931,-8.996207378113011
-0.04604604604604612,-11.783733047917677,-12.01225285121885
-0.04204204204204198,-11.805105404086593,-10.702567125300726
-0.03803803803803807,-11.8259857120686,-16.975662128613482
-0.034034034034034155,-11.84637493607725,-13.596091759022775
-0.03003003003003002,-11.866274060005216,-6.364852368903347
-0.026026026026026106,-11.885684087300799,-5.395574225669693
-0.02202202202202197,-11.904606040844444,1.5765142219734543
-0.018018018018018056,-11.923040962825224,-12.2926642942273
-0.01401401401401392,-11.940989914617363,-15.233754748642383
-0.010010010010010006,-11.958453976656724,-14.529623806356668
-0.006006006006006093,-11.975434248317324,-17.06564362475415
-0.002002002002001957,-11.991931847787832,-12.381205627492086
0.002002002002002179,-12.007947911948072,-10.09428576188673
0.006006006006006093,-12.023483596245532,-12.194694998905302
0.010010010010010006,-12.038540074571861,-6.556805846242868
0.01401401401401392,-12.053118539139382,-13.224197545862065
0.018018018018017834,-12.067220200357582,-13.804473462850398
0.022022022022022192,-12.080846286709633,-14.987188671011259
0.026026026026026106,-12.093998044628878,-20.257170675801355
0.03003003003003002,-12.106676738375347,-19.945515359917618
0.03403403403403393,-12.11888364991226,-18.0146733031007
0.03803803803803785,-12.130620078782524,-5.62347972045872
0.042042042042042205,-12.141887341985242,-7.665585977535593
0.04604604604604612,-12.152686773852215,-5.277866441887266
0.05005005005005003,-12.163019725924446,-18.824077998896954
0.054054054054053946,-12.172887566828642,-22.016011015758743
0.05805805805805786,-12.182291682153725,-15.48257328282414
0.06206206206206222,-12.191233474327325,-11.312138707847184
0.06606606606606613,-12.19971436249229,-9.706262987943154
0.07007007007007005,-12.20773578238319,-6.967875002542927
0.07407407407407396,-12.215299186202824,-10.79390083216675
0.07807807807807787,-12.222406042498708,-3.5090621392205517
0.08208208208208223,-12.229057836039603,-13.342086240781205
0.08608608608608614,-12.235256067691996,-16.800652157900977
0.09009009009009006,-12.241002254296617,-20.647093331768787
0.09409409409409397,-12.246297928544942,-16.691154719022194
0.09809809809809789,-12.251144638855692,-11.040554833930077
0.10210210210210224,-12.255543949251338,-16.699145236019493
0.10610610610610616,-12.259497439234606,-7.57578512155832
0.11011011011011007,-12.263006703664981,-5.201368173477766
0.11411411411411398,-12.266073352635209,-24.114007878768223
0.1181181181181179,-12.268699011347804,-7.9484375088595645
0.12212212212212226,-12.27088531999155,-23.468905613300233
0.12612612612612617,-12.272633933617998,-10.26513865816656
0.13013013013013008,-12.273946522017985,-6.149593701049686
0.134134134134134,-12.274824769598125,-11.950544237880244
0.1381381381381379,-12.275270375257314,-18.673716241278512
0.14214214214214227,-12.27528505226324,-15.202441073652103
0.14614614614614618,-12.274870528128883,-13.583097756683387
0.1501501501501501,-12.274028544489015,-13.18525246343873
0.154154154154154,-12.272760856976715,-13.28724506081005
0.15815815815815792,-12.271069235099858,-12.820483131646428
0.16216216216216228,-12.26895546211763,-11.201555217566785
0.1661661661661662,-12.266421334917025,-18.30928960358313
0.1701701701701701,-12.263468663889357,-13.473567813240455
0.17417417417417402,-12.260099272806755,-4.668793421028228
0.17817817817817794,-12.256314998698667,-14.179542114411255
0.1821821821821823,-12.252117691728373,-14.47129815750436
0.1861861861861862,-12.24750921506948,-6.85652269649829
0.19019019019019012,-12.242491444782427,-25.03841477650291
0.19419419419419404,-12.237066269690992,-6.330173263249563
0.1981981981981984,-12.231235591258793,-15.39075438128463
0.2022022022022023,-12.225001323465795,-11.405358461202862
0.20620620620620622,-12.218365392684808,-11.736758613078823
0.21021021021021014,-12.211329737557996,-7.498989141456027
0.21421421421421405,-12.203896308873379,-13.541870040050117
0.2182182182182184,-12.196067069441334,-15.586195977263586
0.22222222222222232,-12.187843993971109,-5.698615040715615
0.22622622622622623,-12.17922906894731,-24.00009815465321
0.23023023023023015,-12.170224292506418,-12.068553383980202
0.23423423423423406,-12.160831674313293,-18.900458787458895
0.23823823823823842,-12.151053235437663,-15.958920176720458
0.24224224224224233,-12.140891008230648,-2.0846076009149623
0.24624624624624625,-12.13034703620125,-12.353324168480535
0.25025025025025016,-12.119423373892863,-11.144074888135957
0.2542542542542541,-12.108122086759767,-21.015936365287722
0.25825825825825843,-12.096445251043649,-15.741668545017127
0.26226226226226235,-12.084394953650094,-11.10160795000617
0.26626626626626626,-12.071973292025087,-10.298184826458996
0.2702702702702702,-12.059182374031526,-8.974749602065131
0.2742742742742741,-12.04602431782572,-12.002884823237839
0.27827827827827845,-12.032501251733894,-9.397480209460596
0.28228228228228236,-12.018615314128693,-9.749705750950273
0.2862862862862863,-12.004368653305688,-21.153070708328343
0.2902902902902902,-11.989763427359872,-11.804734817809123
0.2942942942942941,-11.97480180406217,-8.135289765398653
0.29829829829829846,-11.959485960735947,-9.01008685706335
0.3023023023023024,-11.9438180841335,-13.76311213398745
0.3063063063063063,-11.927800370312573,-15.955932908009412
0.3103103103103102,-11.911435024512853,-17.502994646121014
0.3143143143143141,-11.894724261032477,-12.54999431873954
0.31831831831831847,-11.877670303104537,-6.212270905305928
0.3223223223223224,-11.860275382773585,-21.619295890181597
0.3263263263263263,-11.842541740772125,-15.142000389419614
0.3303303303303302,-11.824471626397136,-17.523483903531005
0.3343343343343341,-11.806067297386559,-7.881279691184059
0.3383383383383385,-11.787331019795806,-14.55887915265231
0.3423423423423424,-11.768265067874275,-14.121453358648232
0.3463463463463463,-11.74887172394183,-12.833619573625075
0.3503503503503502,-11.729153278265331,-9.502187023791343
0.35435435435435414,-11.709112028935117,-13.6710570196833
0.3583583583583585,-11.68875028174152,-26.919465555741155
0.3623623623623624,-11.668070350051371,-8.951510893113774
0.3663663663663663,-11.647074554684494,-9.451859766324281
0.37037037037037024,-11.625765223790218,-12.723470365446284
0.37437437437437415,-11.604144692723874,-17.024327796083547
0.3783783783783785,-11.58221530392331,-9.823314750516518
0.3823823823823824,-11.559979406785384,-9.66380173910745
0.38638638638638634,-11.537439357542471,-13.887603771046845
0.39039039039039025,-11.514597519138967,-12.59825487201666
0.39439439439439417,-11.491456261107789,-16.142238773729396
0.3983983983983985,-11.46801795944689,-12.360963419883536
0.40240240240240244,-11.444284996495753,-19.196431721913157
0.40640640640640635,-11.420259760811895,-9.333665655652718
0.41041041041041026,-11.395944647047372,-16.11778710116884
0.4144144144144142,-11.37134205582529,-10.18082631666373
0.41841841841841854,-11.346454393616288,-18.376268974955785
0.42242242242242245,-11.321284072615075,-14.271572301962774
0.42642642642642636,-11.295833510616902,-11.848280535946541
0.4304304304304303,-11.270105130894082,-19.5736041902404
0.43443443443443464,-11.244101362072488,-10.668361996372028
0.43843843843843855,-11.217824638008068,-13.113562452407681
0.44244244244244246,-11.19127739766333,-19.903058386709482
0.4464464464464464,-11.164462084983855,-17.680675855545434
0.4504504504504503,-11.13738114877481,-8.111780728363978
0.45445445445445465,-11.110037042577435,-6.632257114820815
0.45845845845845856,-11.082432224545563,-11.741975423445398
0.4624624624624625,-11.054569157322106,-9.030760097119618
0.4664664664664664,-11.026450307915578,-9.907232491351024
0.4704704704704703,-10.998078147576578,-9.349963236937889
0.47447447447447466,-10.969455151674312,-4.539535116272847
0.4784784784784786,-10.940583799573094,-18.475575790644456
0.4824824824824825,-10.911466574508838,-7.529162912700722
0.4864864864864864,-10.88210596346557,-12.792150741354671
0.4904904904904903,-10.852504457051932,-11.973799128310134
0.4944944944944947,-10.82266454937768,-12.333913201653031
0.4984984984984986,-10.792588737930206,-12.668324321236625
0.5025025025025025,-10.762279523451015,-16.89326048236611
0.5065065065065064,-10.731739409812246,-9.81504341352424
0.5105105105105103,-10.700970903893172,-2.3462557399488855
0.5145145145145147,-10.669976515456698,-10.950641617700484
0.5185185185185186,-10.638758757025883,-10.645683970701361
0.5225225225225225,-10.60732014376042,-14.043815329543737
0.5265265265265264,-10.575663193333153,-11.16303592542371
0.5305305305305303,-10.54379042580658,-8.212958295636426
0.5345345345345347,-10.51170436350935,-12.362916567031066
0.5385385385385386,-10.479407530912782,-12.748427736172788
0.5425425425425425,-10.446902454507352,-8.430579753691118
0.5465465465465464,-10.414191662679201,-15.00421551177443
0.5505505505505504,-10.381277685586648,-9.118794550202285
0.5545545545545547,-10.348163055036675,-6.246554068729567
0.5585585585585586,-10.314850304361462,-3.5151075959640403
0.5625625625625625,-10.281341968294855,-10.733252004679589
0.5665665665665665,-10.247640582848891,-3.409654383815324
0.5705705705705704,-10.213748685190298,-5.041699252782708
0.5745745745745747,-10.179668813516992,-15.160732015372322
0.5785785785785786,-10.145403506934603,-16.235096064900358
0.5825825825825826,-10.11095530533294,-11.635773494605042
0.5865865865865865,-10.076326749262533,-4.931649286288262
0.5905905905905904,-10.041520379811114,-10.402955417611139
0.5945945945945947,-10.006538738480124,-13.009826526769066
0.5985985985985987,-9.971384367061232,-2.210168466818428
0.6026026026026026,-9.936059807512818,-8.501537367496086
0.6066066066066065,-9.900567601836485,-21.503538980790193
0.6106106106106104,-9.864910291953567,-8.279107160490124
0.6146146146146148,-9.829090419581624,-7.2288873467272845
0.6186186186186187,-9.793110526110961,-8.665067253755442
0.6226226226226226,-9.756973152481118,-7.508412651321155
0.6266266266266265,-9.72068083905737,-10.057058883672278
0.6306306306306304,-9.68423612550724,-16.27621547373091
0.6346346346346348,-9.647641550677008,-11.501161566779276
0.6386386386386387,-9.610899652468207,-14.338978630249663
0.6426426426426426,-9.574012967714122,-14.237717521686012
0.6466466466466465,-9.536984032056303,-15.85232577756768
0.6506506506506504,-9.499815379821062,-7.23736991662283
0.6546546546546548,-9.462509543895976,-8.97302881683284
0.6586586586586587,-9.42506905560641,-11.665895869009951
0.6626626626626626,-9.38749644459199,-12.63418608324393
0.6666666666666665,-9.34979423868313,-9.46690976379039
0.6706706706706704,-9.31196496377752,-3.9159913232150743
0.6746746746746748,-9.27401114371664,-19.295089721211216
0.6786786786786787,-9.235935300162271,-7.351552695907808
0.6826826826826826,-9.19773995247298,-11.926299822561893
0.6866866866866865,-9.159427617580633,-18.58235684247787
0.6906906906906904,-9.1210008098669,-18.849516225686692
0.6946946946946948,-9.082462041039747,-13.646379511716205
0.6986986986986987,-9.043813820009978,-7.946266041044752
0.7027027027027026,-9.005058652767682,-7.039743982867224
0.7067067067067065,-8.966199042258776,-13.661106905647703
0.7107107107107109,-8.927237488261499,-3.8421325311952756
0.7147147147147148,-8.888176487262918,-1.7732590046823873
0.7187187187187187,-8.849018532335423,-6.868585607552622
0.7227227227227226,-8.809766113013238,-11.766779452053791
0.7267267267267266,-8.770421715168924,-3.148325792617083
0.7307307307307309,-8.73098782088988,-4.954009342573188
0.7347347347347348,-8.691466908354855,-4.354429851580265
0.7387387387387387,-8.65186145171044,-11.934179826568098
0.7427427427427427,-8.612173920947576,-22.78494644732109
0.7467467467467466,-8.572406781778065,2.0115483256403106
0.7507507507507509,-8.532562495511057,-16.586954512760727
0.7547547547547548,-8.492643518929583,-8.671483878230688
0.7587587587587588,-8.452652304167021,3.4510744519317313
0.7627627627627627,-8.412591298583633,-6.759707517211764
0.7667667667667666,-8.372462944643043,-3.6262305768518655
0.7707707707707709,-8.332269679788755,-15.844252526697318
0.7747747747747749,-8.292013936320672,-17.180348709989204
0.7787787787787788,-8.251698141271556,-10.915212101169327
0.7827827827827827,-8.211324716283574,-2.757576044111074
0.7867867867867866,-8.17089607748478,-9.90214331572133
0.790790790790791,-8.130414635365621,-12.103596240723116
0.7947947947947949,-8.089882794655459,-7.100046344930622
0.7987987987987988,-8.049302954199044,-2.639626861812718
0.8028028028028027,-8.008677506833038,-15.233378502199898
0.8068068068068066,-7.968008839262515,-14.020723809879273
0.810810810810811,-7.927299331937459,-11.87064560448429
0.8148148148148149,-7.886551358929289,-2.413359485368832
0.8188188188188188,-7.84576728780733,-6.671659658063671
0.8228228228228227,-7.80494947951534,2.8558175733368785
0.8268268268268266,-7.764100288248006,-3.0818716590924264
0.830830830830831,-7.723222061327443,-7.898697945675796
0.8348348348348349,-7.682317139079718,-1.3569279486358878
0.8388388388388388,-7.641387854711328,-6.583902791051939
0.8428428428428427,-7.600436534185718,-11.125043296722943
0.8468468468468466,-7.55946549609978,-4.159591274874268
0.850850850850851,-7.518477051560358,-11.000110320865772
0.8548548548548549,-7.477473504060761,-8.929459008080094
0.8588588588588588,-7.43645714935725,-0.797543669567335
0.8628628628628627,-7.395430275345548,-7.901837706432545
0.8668668668668666,-7.354395161937353,-11.370102098645495
0.870870870870871,-7.313354080936822,-9.63504253811428
0.8748748748748749,-7.272309295917109,-2.163356367973744
0.8788788788788788,-7.231263062096826,-9.993966429180471
0.8828828828828827,-7.190217626216574,-9.124571860469807
0.8868868868868867,-7.149175226415446,-9.70063892458359
0.890890890890891,-7.108138092107511,-6.188510620405961
0.8948948948948949,-7.067108443858354,-8.994557245736395
0.8988988988988988,-7.026088493261538,-15.035268738124223
0.9029029029029028,-6.985080442815136,-11.420985152040338
0.9069069069069067,-6.944086485798222,-11.608031693330414
0.910910910910911,-6.903108806147381,-0.6865118838716064
0.914914914914915,-6.86214957833322,-2.7987793677880077
0.9189189189189189,-6.821210967236842,-3.8849140702377127
0.9229229229229228,-6.78029512802639,-9.30708671434844
0.9269269269269267,-6.739404206033518,-10.818361916003374
0.930930930930931,-6.698540336629907,-9.236128344916693
0.934934934934935,-6.6577056451037855,-11.917106157862156
0.9389389389389389,-6.616902246536402,5.8690997113986345
0.9429429429429428,-6.576132245678547,-17.80274048753556
0.9469469469469471,-6.535397736827047,-3.7153550614580015
0.9509509509509511,-6.494700803701297,-12.917462293663935
0.954954954954955,-6.454043519319722,-6.975760976793185
0.9589589589589589,-6.413427945876302,-11.353437658344975
0.9629629629629628,-6.372856134617084,-12.261000947030238
0.9669669669669672,-6.332330125716666,-12.033311630391474
0.9709709709709711,-6.291851948154726,2.4830788205555674
0.974974974974975,-6.2514236195924955,-6.916365731140456
0.9789789789789789,-6.211047146249287,-10.039558118639718
0.9829829829829828,-6.170724522778986,-3.3917897023646213
0.9869869869869872,-6.1304577321465565,-6.07871115931506
0.9909909909909911,-6.090248745504558,-2.4900799487962946
0.994994994994995,-6.0500995220696225,-15.171382801758773
0.9989989989989989,-6.010012008998983,-4.491992486688975
1.0030030030030028,-5.9699881412669615,-2.106513955755053
1.0070070070070072,-5.930029841541479,-14.238021297114297
1.011011011011011,-5.890139020060575,-3.6491625979440125
1.015015015015015,-5.850317574508871,2.6305902896319324
1.019019019019019,-5.810567389894121,-5.884855906667635
1.0230230230230228,-5.770890338423669,-1.6638606532996132
1.0270270270270272,-5.731288279380998,-2.378436027826448
1.031031031031031,-5.691763059002206,-9.229291546555089
1.035035035035035,-5.652316510352513,-5.4534828374200375
1.039039039039039,-5.612950453202769,-13.447924007510782
1.0430430430430429,-5.573666693905956,-7.8301818794185865
1.0470470470470472,-5.534467025273692,-4.206027150442512
1.0510510510510511,-5.495353226452748,-1.8798507577637569
1.055055055055055,-5.456327062801515,-5.333266436561957
1.059059059059059,-5.417390285766558,-1.817471635050731
1.0630630630630629,-5.378544632759068,-10.893075697535917
1.0670670670670672,-5.339791827031407,-5.848278199805765
1.0710710710710711,-5.301133577553598,-5.204736654988212
1.075075075075075,-5.2625715788898155,3.9853846545083673
1.079079079079079,-5.224107511074907,-6.294940792075328
1.0830830830830829,-5.185743039490891,-7.680826229461806
1.0870870870870872,-5.14747981474345,-5.040723695525707
1.0910910910910911,-5.10931947253847,-9.704886696888188
1.095095095095095,-5.071263633558486,-4.107494388232405
1.099099099099099,-5.03331390333924,-6.858589986070528
1.1031031031031029,-4.995471872146158,-13.952109612352077
1.1071071071071072,-4.957739114850845,-5.25067187052015
1.1111111111111112,-4.920117190807636,-6.507832660458632
1.115115115115115,-4.882607643730026,-13.044724154069943
1.119119119119119,-4.845212001567241,-5.18088277463985
1.123123123123123,-4.8079317763807055,2.638848033991696
1.1271271271271273,-4.770768464220549,-2.16424972284198
1.1311311311311312,-4.733723545002141,-1.6740875813463516
1.135135135135135,-4.696798482382537,-11.40428211029775
1.139139139139139,-4.659994723637043,-2.2755028790259306
1.143143143143143,-4.62331369953567,-3.8810657926352796
1.1471471471471473,-4.5867568242196715,-1.9415306325475132
1.1511511511511512,-4.550325495078033,-2.4371823865339044
1.155155155155155,-4.514021092623983,-11.312924720143052
1.159159159159159,-4.4778449803714775,-4.684849038161315
1.163163163163163,-4.441798504711734,-8.231152806837564
1.1671671671671673,-4.405882994789698,-4.656303466213808
1.1711711711711712,-4.370099762380601,-8.857104396889753
1.1751751751751751,-4.334450101766393,2.2279017339385883
1.179179179179179,-4.298935289612308,-8.593797231834019
1.183183183183183,-4.263556584843345,-8.758267367171024
1.1871871871871873,-4.228315228520749,-3.8553831958029816
1.1911911911911912,-4.193212443718567,-9.578707790738541
1.1951951951951951,-4.158249435400098,-6.2815659475644265
1.199199199199199,-4.123427390294433,-8.273250377984242
1.203203203203203,-4.088747476772937,2.967112842675121
1.2072072072072073,-4.054210844725757,-0.12519171056989453
1.2112112112112112,-4.019818625438356,-4.307166217765329
1.2152152152152151,-3.985571931467966,-5.941657192338047
1.219219219219219,-3.9514718565201203,0.7531162163554468
1.2232232232232234,-3.9175194753251628,-1.8914990737107225
1.2272272272272273,-3.8837158435147376,-1.3934538201004543
1.2312312312312312,-3.8500619974982975,-3.98102318421955
1.2352352352352352,-3.816558954339609,-12.25770909319677
1.239239239239239,-3.783207711633258,-4.345537624431022
1.2432432432432434,-3.7500092473811346,-6.4124588434264735
1.2472472472472473,-3.716964519868988,-0.4916881525696031
1.2512512512512513,-3.684074467542855,1.3751376974280909
1.2552552552552552,-3.651340008885633,-6.941095232691476
1.259259259259259,-3.6187620422935343,-1.2768358709082759
1.2632632632632634,-3.586341445952627,5.093053542475939
1.2672672672672673,-3.5540790777153166,-6.892642680568112
1.2712712712712713,-3.5219757749768537,4.887632925388834
1.2752752752752752,-3.4900323545518326,-7.752961590405068
1.279279279279279,-3.458249612550718,-3.343450834510961
1.2832832832832834,-3.4266283242563116,-3.482356383465518
1.2872872872872874,-3.3951692440002983,-3.3376747446499864
1.2912912912912913,-3.36387310503971,-7.552263314579436
1.2952952952952952,-3.332740619433464,-6.288656138255613
1.299299299299299,-3.3017724779188367,-6.640373909715834
1.3033033033033035,-3.270969349787986,-1.6361563727656994
1.3073073073073074,-3.2403318827644494,-1.5901563102128913
1.3113113113113113,-3.209860702879661,7.919860955811632
1.3153153153153152,-3.179556414349417,3.67538861710619
1.3193193193193191,-3.149419599450429,-5.698635810142824
1.3233233233233235,-3.1194508183967926,-1.4951027394158622
1.3273273273273274,-3.0896506092165055,1.8959392947422922
1.3313313313313313,-3.0600194876279705,-2.9070103659353816
1.3353353353353352,-3.0305579469164883,-3.3787658391511664
1.3393393393393391,-3.0012664578107806,-2.7433917439613356
1.3433433433433435,-2.9721454683594697,1.364237675682669
1.3473473473473474,-2.943195403807618,-7.1847980178337805
1.3513513513513513,-2.9144166664731905,-4.542764010574062
1.3553553553553552,-2.885809635623575,-0.5336439113911657
1.3593593593593591,-2.8573746673521097,-1.300139309581332
1.3633633633633635,-2.829112094454546,-1.6311982951725892
1.3673673673673674,-2.801022226305582,-4.650028057824598
1.3713713713713713,-2.7731053487353474,2.0895735969773375
1.3753753753753752,-2.74536172390593,7.923979512116757
1.3793793793793792,-2.717791590187849,-0.6857141218068179
1.3833833833833835,-2.690395162036584,-3.656278669785783
1.3873873873873874,-2.663172629869077,1.1155288146036355
1.3913913913913913,-2.6361241599402128,-5.331787343705162
1.3953953953953953,-2.6092498942193565,-6.35770161773384
1.3993993993993992,-2.5825499502668237,-2.4185062121982646
1.4034034034034035,-2.556024421110406,-15.47000758596013
1.4074074074074074,-2.529673375121881,-8.299425193381929
1.4114114114114114,-2.5034968558934914,-4.24330613549772
1.4154154154154153,-2.4774948821144633,-9.244439172853031
1.4194194194194192,-2.451667447447507,-7.614882956908155
1.4234234234234235,-2.4260145204053227,-4.6097562076953595
1.4274274274274275,-2.4005360442271098,-10.615362511880155
1.4314314314314314,-2.3752319367550605,-4.40559091805422
1.4354354354354353,-2.3501020903108696,-5.026452912975092
1.4394394394394392,-2.325146371572229,-2.198120329647149
1.4434434434434436,-2.3003646214493383,3.470555531020757
1.4474474474474475,-2.275756654961423,-1.4132345724970936
1.4514514514514514,-2.2513222611132075,-2.1460121544028894
1.4554554554554553,-2.227061202771452,-1.7297889176178933
1.4594594594594597,-2.2029732165414266,-1.0660093409357843
1.4634634634634636,-2.1790580126434183,-7.262751255692263
1.4674674674674675,-2.155315274789274,-2.729191898643265
1.4714714714714714,-2.1317446600588514,-0.5879884508757858
1.4754754754754753,-2.1083457987765613,-8.962145711491864
1.4794794794794797,-2.0851182943878364,2.24314631969143
1.4834834834834836,-2.0620617233356686,3.34481844895528
1.4874874874874875,-2.039175634937113,-5.196055577184056
1.4914914914914914,-2.0164595512597483,-3.223148508525271
1.4954954954954953,-1.9939129669982307,-6.3848646810485965
1.4994994994994997,-1.9715353493507628,1.5253670685883227
1.5035035035035036,-1.9493261378956124,-7.255437575125159
1.5075075075075075,-1.927284744467645,-3.0396697956822463
1.5115115115115114,-1.9054105530347574,-6.200010092073115
1.5155155155155153,-1.8837029195744357,-1.6289315345179882
1.5195195195195197,-1.8621611719502553,-10.83330752939886
1.5235235235235236,-1.8407846097883667,4.7915236020401
1.5275275275275275,-1.8195725043540065,-6.642604625385326
1.5315315315315314,-1.79852409842802,-1.4990506828466397
1.5355355355355353,-1.7776386061832952,-2.8402538300348414
1.5395395395395397,-1.756915213061383,-5.567487772673873
1.5435435435435436,-1.736353075648898,-6.175253758828575
1.5475475475475475,-1.715951321554062,2.9660413962082357
1.5515515515515514,-1.6957090492832254,-4.323912014792924
1.5555555555555554,-1.6756253281173272,-0.3197744049307727
1.5595595595595597,-1.6556991979884295,-5.663183624960303
1.5635635635635636,-1.6359296693562424,-4.871836828595046
1.5675675675675675,-1.6163157230845613,0.7449200273546825
1.5715715715715715,-1.5968563103178308,3.055186170237751
1.5755755755755754,-1.5775503523576262,-2.454132363992726
1.5795795795795797,-1.5583967405391483,-8.667996098741334
1.5835835835835836,-1.5393943361077387,8.450386062642284
1.5875875875875876,-1.5205419700954117,-5.803288511266459
1.5915915915915915,-1.5018384431972844,-9.209775441556221
1.5955955955955954,-1.4832825256481357,11.488840413192625
1.5995995995995997,-1.464872957098926,-3.4850344263536117
1.6036036036036037,-1.446608446493256,-8.755271887800298
1.6076076076076076,-1.428487671943877,-4.845686505887286
1.6116116116116115,-1.4105092806092134,0.4272151995021316
1.6156156156156154,-1.3926718885698648,-0.4411141006001663
1.6196196196196198,-1.3749740807051083,-5.633620066973058
1.6236236236236237,-1.357414410569378,7.7562035900704185
1.6276276276276276,-1.339991400268815,-3.9478897902356804
1.6316316316316315,-1.3227035403377183,-7.246136492395478
1.6356356356356354,-1.3055492896150938,3.4979177026882047
1.6396396396396398,-1.2885270751211166,5.356787157577295
1.6436436436436437,-1.2716352919336966,-5.359100780014829
1.6476476476476476,-1.2548723030649214,-8.261608768261475
1.6516516516516515,-1.2382364393375642,3.9139548977404592
1.6556556556556554,-1.2217259992616079,-11.458344064551417
1.6596596596596598,-1.2053392489107928,-7.33844754589387
1.6636636636636637,-1.1890744217990115,3.6481563284521634
1.6676676676676676,-1.1729297187569259,-1.4496924588688738
1.6716716716716715,-1.1569033078083795,-2.4765900507718186
1.6756756756756754,-1.140993324046967,0.6230897084249247
1.6796796796796798,-1.1251978695124976,-1.889069987239541
1.6836836836836837,-1.109515013067531,-7.602948623882982
1.6876876876876876,-1.093942790273843,5.286433939757095
1.6916916916916915,-1.0784792032689712,5.546591061165105
1.6956956956956954,-1.063122220642665,-0.03645940175286655
1.6996996996996998,-1.0478697773134442,-0.8221997001533928
1.7037037037037037,-1.032719774405118,10.665404255695172
1.7077077077077076,-1.0176700791231816,-2.3998343042023675
1.7117117117117115,-1.0027185246314136,-2.300603433801611
1.7157157157157155,-0.9878629099283742,0.8345433362741537
1.7197197197197198,-0.97310099972389,6.3835087809878015
1.7237237237237237,-0.9584305243155296,7.005423247771889
1.7277277277277276,-0.9438491794651647,-2.236712337849021
1.7317317317317316,-0.9293546262754244,0.6123016035213018
1.735735735735736,-0.9149444910662314,-7.805361826386617
1.7397397397397398,-0.900616365251306,-2.460496904832371
1.7437437437437437,-0.8863678052146309,-5.087819782611163
1.7477477477477477,-0.8721963321869914,-5.906355093681911
1.7517517517517516,-0.8580994321224846,7.549784149214153
1.755755755755756,-0.8440745555749896,-4.805507864605714
1.7597597597597598,-0.8301191175746965,-3.488148657631971
1.7637637637637638,-0.8162304975046144,1.0130134420796766
1.7677677677677677,-0.8024060389770398,5.686720295890888
1.7717717717717716,-0.788643049710112,1.6169325822340652
1.775775775775776,-0.7749388014042626,13.021836768703649
1.7797797797797799,-0.7612905296187726,-1.1346304208745206
1.7837837837837838,-0.7476954336482411,0.5458867675004893
1.7877877877877877,-0.7341506763990857,0.6438526935211961
1.7917917917917916,-0.7206533842660665,6.454593549679706
1.795795795795796,-0.7072006470087846,1.8289941085392916
1.7997997997997999,-0.6937895176281899,-1.2749380195639355
1.8038038038038038,-0.6804170122430708,-5.417859986777469
1.8078078078078077,-0.6670801099665411,0.5551371698416219
1.8118118118118116,-0.653775752782602,6.352948403677196
1.815815815815816,-0.6405008454226024,-2.692409813711955
1.8198198198198199,-0.6272522552417641,2.017465836841147
1.8238238238238238,-0.6140268120956325,0.6167121313285884
1.8278278278278277,-0.6008213082166698,3.716776983689903
1.8318318318318316,-0.5876324980906684,-4.611401201280015
1.835835835835836,-0.5744570983333244,11.158778054299484
1.83983983983984,-0.5612917875667094,-6.957097322708001
1.8438438438438438,-0.5481332062957716,-2.375888656225958
1.8478478478478477,-0.5349779567848394,4.1554847477433885
1.8518518518518516,-0.5218226029341455,0.9618432595364212
1.855855855855856,-0.5086636701563112,3.641267125249205
1.85985985985986,-0.49549764525288253,-2.9760093151656943
1.8638638638638638,-0.4823209762907279,-0.8563458896924332
1.8678678678678677,-0.4691300724787233,-0.40797015428463634
1.8718718718718717,-0.45592130404409126,7.390376768635431
1.875875875875876,-0.44269100210896006,3.0094541198062847
1.87987987987988,-0.42943545856694243,3.5539250832564147
1.8838838838838838,-0.41615092595949044,-3.7057813886434667
1.8878878878878878,-0.402833617352524,4.44157957546273
1.8918918918918917,-0.38947970621290473,0.738428611631113
1.895895895895896,-0.37608532628488156,6.569641252104756
1.8998998998999,-0.36264657146667645,9.707654203125664
1.9039039039039038,-0.3491594956869317,-1.8829883758219546
1.9079079079079078,-0.33562011278123904,-2.3671357650065517
1.9119119119119117,-0.3220243963686418,-4.64224935188049
1.915915915915916,-0.3083682797281302,-1.026265838309733
1.91991991991992,-0.29464765567514206,-2.20477490042706
1.9239239239239239,-0.280858376438081,1.5166636214169698
1.9279279279279278,-0.26699625353481693,-0.9898303382034966
1.9319319319319317,-0.2530570576491815,-2.0610534615572806
1.935935935935936,-0.23903651850747032,5.083889162131788
1.93993993993994,-0.22493032475494346,-4.914331480512202
1.9439439439439439,-0.21073412383237233,1.954805641924346
1.9479479479479478,-0.19644352185247627,-2.2261521577948935
1.9519519519519517,-0.18205408347646035,3.439788440873362
1.955955955955956,-0.16756133179055333,6.7587464018205985
1.95995995995996,-0.1529607481824371,-1.6684520153028006
1.9639639639639639,-0.1382477722178006,2.0669167641479564
1.9679679679679678,-0.12341780151683324,0.770546527149066
1.9719719719719722,-0.10846619163072191,-4.105578189346205
1.975975975975976,-0.09338825591818711,1.110549292791505
1.97997997997998,-0.07817926542194442,1.3674232609721164
1.983983983983984,-0.06283444874519084,2.0015196534856825
1.9879879879879878,-0.04734899192819242,-1.0393434760284213
1.9919919919919922,-0.031718038324701325,0.4392434632260315
1.995995995995996,-0.015936688478534577,-5.753991412694211
2.0,0.0,-1.7905703773992836
